Заголовок,Тескт новости
В «Орленке» стартовали финальные испытания Всероссийского конкурса хоровых и вокальных коллективов,"Юные исполнители из 40 регионов нашей страны стали участниками финала Всероссийского конкурса хоровых и вокальных коллективов, который проходит во Всероссийском детском центре «Орленок»."
Всероссийский форум руководителей школьных театров объединил 300 педагогов со всей страны,
"Всероссийский съезд руководителей организаций для детей-сирот и детей, оставшихся без попечения родителей, объединил более 300 делегатов","В Москве на площадке Международной выставки-форума «Россия» прошел XII Всероссийский съезд руководителей организаций для детей-сирот и детей, оставшихся без попечения родителей. Участниками мероприятия стали более 300 делегатов из 82 регионов страны. Организатор съезда – Минпросвещения России."
В «Сириусе» объявили имена победителей и призеров всероссийской олимпиады школьников по физике,
"Москва и Подмосковье, Самара и Казань принимают финалистов всероссийской олимпиады школьников","29 марта стартует заключительный этап всероссийской олимпиады школьников по четырем предметам: немецкому языку, экономике, астрономии и праву."
XIV Петербургский международный образовательный форум проходит в очном и онлайн-формате,"В Северной столице продолжает свою работу XIV Петербургский международный образовательный форум (ПМОФ), объединивший участников из России и других стран."
"Продолжается конкурсный отбор школьников во Всероссийский центр для слепых обучающихся, проявивших выдающиеся академические способности","Всероссийский центр для слепых обучающихся, проявивших выдающиеся академические способности, продолжает прием заявок для поступления на очную форму обучения в 2024/25 учебном году. Прием осуществляется на конкурсной основе, заявки принимаются до 30 апреля 2024 года."
Сергей Кравцов: «Проект «Без срока давности» выполняет важную миссию в воспитании качеств истинного гражданина России»,В Московском педагогическом государственном университете (МПГУ) прошел историко-педагогический форум «Чтобы помнили!». В пленарном заседании принял участие Министр просвещения Российской Федерации Сергей Кравцов.
Сергей Кравцов: «В России сформирована суверенная система образования»,Министр просвещения Российской Федерации Сергей Кравцов принял участие в заседании Комитета Государственной Думы по просвещению. Он рассказал участникам мероприятия о развитии системы образования в России.
